-- phpMyAdmin SQL Dump
-- version 4.6.4
-- https://www.phpmyadmin.net/
--
-- Host: 127.0.0.1
-- Generation Time: Jan 20, 2017 at 06:52 PM
-- Server version: 5.7.14
-- PHP Version: 5.6.25

SET SQL_MODE = "NO_AUTO_VALUE_ON_ZERO";
SET time_zone = "+00:00";


/*!40101 SET @OLD_CHARACTER_SET_CLIENT=@@CHARACTER_SET_CLIENT */;
/*!40101 SET @OLD_CHARACTER_SET_RESULTS=@@CHARACTER_SET_RESULTS */;
/*!40101 SET @OLD_COLLATION_CONNECTION=@@COLLATION_CONNECTION */;
/*!40101 SET NAMES utf8mb4 */;

--
-- Database: `foodie`
--

-- --------------------------------------------------------

--
-- Table structure for table `ci_sessions`
--

CREATE TABLE `ci_sessions` (
  `id` varchar(40) NOT NULL,
  `ip_address` varchar(45) NOT NULL,
  `timestamp` int(10) UNSIGNED NOT NULL DEFAULT '0',
  `data` blob NOT NULL
) ENGINE=InnoDB DEFAULT CHARSET=latin1;

--
-- Dumping data for table `ci_sessions`
--

INSERT INTO `ci_sessions` (`id`, `ip_address`, `timestamp`, `data`) VALUES
('1263f8b4a8ba725113c87a5f3ef20ca5e373ef65', '::1', 1484920386, 0x5f5f63695f6c6173745f726567656e65726174657c693a313438343932303130353b686f6d65526573756c74737c613a313a7b693a303b4f3a383a22737464436c617373223a353a7b733a383a22646973686e616d65223b733a31353a224772696c6c656420636869636b656e223b733a31323a2272657374617572616e746964223b733a313a2234223b733a31343a2272657374617572616e746e616d65223b733a373a2247616c69746f73223b733a393a22696d6167656e616d65223b733a393a2263686970732e6a7067223b733a383a226469736874797065223b733a353a22417369616e223b7d7d5f5f63695f766172737c613a313a7b733a31313a22686f6d65526573756c7473223b733a333a226f6c64223b7d),
('167745fbda6f1d6f732f277d79e116ea0d36edc8', '::1', 1484935232, 0x5f5f63695f6c6173745f726567656e65726174657c693a313438343933343936303b686f6d65526573756c74737c613a313a7b693a303b4f3a383a22737464436c617373223a363a7b733a383a22646973686e616d65223b733a31353a224772696c6c656420636869636b656e223b733a31323a2272657374617572616e746964223b733a313a2234223b733a31343a2272657374617572616e746e616d65223b733a373a2247616c69746f73223b733a393a22696d6167656e616d65223b733a393a2263686970732e6a7067223b733a383a226469736874797065223b733a353a22417369616e223b733a31333a22646973686c697374696e676964223b733a313a2236223b7d7d6c6f676765645f696e5f757365725f69647c4e3b75736572747970657c4e3b757365727479706569647c4e3b70726f66696c655f696d6167657c4e3b),
('1738ab69d1a0327cc7195a31406be421b7633cb3', '::1', 1484928926, 0x5f5f63695f6c6173745f726567656e65726174657c693a313438343932383633323b686f6d65526573756c74737c613a313a7b693a303b4f3a383a22737464436c617373223a363a7b733a383a22646973686e616d65223b733a31353a224772696c6c656420636869636b656e223b733a31323a2272657374617572616e746964223b733a313a2234223b733a31343a2272657374617572616e746e616d65223b733a373a2247616c69746f73223b733a393a22696d6167656e616d65223b733a393a2263686970732e6a7067223b733a383a226469736874797065223b733a353a22417369616e223b733a31333a22646973686c697374696e676964223b733a313a2236223b7d7d5f5f63695f766172737c613a313a7b733a31313a22686f6d65526573756c7473223b693a313438343932393138333b7d),
('1b6b7625abe80d47b40664c1bc419e8e6af74034', '::1', 1484920710, 0x5f5f63695f6c6173745f726567656e65726174657c693a313438343932303434303b686f6d65526573756c74737c613a313a7b693a303b4f3a383a22737464436c617373223a363a7b733a383a22646973686e616d65223b733a31313a225065616e75742063616b65223b733a31323a2272657374617572616e746964223b733a313a2236223b733a31343a2272657374617572616e746e616d65223b733a32373a224b75737465722042616b657273204c7464202d204e6169726f6269223b733a393a22696d6167656e616d65223b733a383a2263616b652e6a7067223b733a383a226469736874797065223b733a383a224575726f7065616e223b733a31333a22646973686c697374696e676964223b733a313a2232223b7d7d5f5f63695f766172737c613a313a7b733a31313a22686f6d65526573756c7473223b733a333a226f6c64223b7d),
('5442c3c93162a334fbd89b781aa38fb87f7d8bef', '::1', 1484927726, 0x5f5f63695f6c6173745f726567656e65726174657c693a313438343932373535393b686f6d65526573756c74737c4e3b686f6d65526573756c74734572727c733a3131303a22536f7272792c20746865726520617265206e6f204166726963616e207265636f6d6d656e646174696f6e7320696e204e6169726f62692e203c62723e2042757420796f752063616e2074727920616e6f746865722063756973696e65206f7220706c61636520696e737465616421223b5f5f63695f766172737c613a313a7b733a31343a22686f6d65526573756c7473457272223b733a333a226f6c64223b7d),
('5447a2cef9a8c6adc07483f43aeb933bdfa25b01', '::1', 1484922254, 0x5f5f63695f6c6173745f726567656e65726174657c693a313438343932323136373b686f6d65526573756c74737c613a313a7b693a303b4f3a383a22737464436c617373223a363a7b733a383a22646973686e616d65223b733a31353a224772696c6c656420636869636b656e223b733a31323a2272657374617572616e746964223b733a313a2234223b733a31343a2272657374617572616e746e616d65223b733a373a2247616c69746f73223b733a393a22696d6167656e616d65223b733a393a2263686970732e6a7067223b733a383a226469736874797065223b733a353a22417369616e223b733a31333a22646973686c697374696e676964223b733a313a2236223b7d7d5f5f63695f766172737c613a313a7b733a31313a22686f6d65526573756c7473223b693a313438343932323238353b7d),
('5dc9ba05ac6fc43db5b439e49184315e01a6adc3', '::1', 1484935548, 0x5f5f63695f6c6173745f726567656e65726174657c693a313438343933353237383b686f6d65526573756c74737c613a313a7b693a303b4f3a383a22737464436c617373223a363a7b733a383a22646973686e616d65223b733a31353a224772696c6c656420636869636b656e223b733a31323a2272657374617572616e746964223b733a313a2234223b733a31343a2272657374617572616e746e616d65223b733a373a2247616c69746f73223b733a393a22696d6167656e616d65223b733a393a2263686970732e6a7067223b733a383a226469736874797065223b733a353a22417369616e223b733a31333a22646973686c697374696e676964223b733a313a2236223b7d7d6c6f676765645f696e5f757365725f69647c4e3b75736572747970657c4e3b757365727479706569647c4e3b70726f66696c655f696d6167657c4e3b),
('61c3f3ab8909869c592cdde42aabd026352467f5', '::1', 1484921433, 0x5f5f63695f6c6173745f726567656e65726174657c693a313438343932313137303b686f6d65526573756c74737c613a313a7b693a303b4f3a383a22737464436c617373223a363a7b733a383a22646973686e616d65223b733a31353a224772696c6c656420636869636b656e223b733a31323a2272657374617572616e746964223b733a313a2234223b733a31343a2272657374617572616e746e616d65223b733a373a2247616c69746f73223b733a393a22696d6167656e616d65223b733a393a2263686970732e6a7067223b733a383a226469736874797065223b733a353a22417369616e223b733a31333a22646973686c697374696e676964223b733a313a2236223b7d7d5f5f63695f766172737c613a313a7b733a31313a22686f6d65526573756c7473223b693a313438343932313639323b7d),
('67e010526fcebbc750bee8f8d85a0556aefe3529', '::1', 1484927440, 0x5f5f63695f6c6173745f726567656e65726174657c693a313438343932373434303b),
('6b13b1a090b21bc8f7f829082161fa1d711a6b7e', '::1', 1484920759, 0x5f5f63695f6c6173745f726567656e65726174657c693a313438343932303735323b),
('6dd07eae325449fd1a28241f24b95752a151a494', '::1', 1484937115, 0x5f5f63695f6c6173745f726567656e65726174657c693a313438343933373039333b6c6f676765645f696e5f757365725f69647c733a313a2232223b75736572747970657c733a31333a2241646d696e6973747261746f72223b757365727479706569647c733a313a2231223b70726f66696c655f696d6167657c733a31343a22313438343839353130382e6a7067223b77656c636f6d654d73677c733a31333a2257656c636f6d652c2054686521223b5f5f63695f766172737c613a313a7b733a31303a2277656c636f6d654d7367223b733a333a226f6c64223b7d),
('729564678438ee9193a7084189662e039c3b787a', '::1', 1484920031, 0x5f5f63695f6c6173745f726567656e65726174657c693a313438343931393737363b686f6d65526573756c74737c4e3b),
('74861898b47f853b3662dddbdd70830f55d83cfa', '::1', 1484935783, 0x5f5f63695f6c6173745f726567656e65726174657c693a313438343933353539333b686f6d65526573756c74737c613a313a7b693a303b4f3a383a22737464436c617373223a363a7b733a383a22646973686e616d65223b733a31353a224772696c6c656420636869636b656e223b733a31323a2272657374617572616e746964223b733a313a2234223b733a31343a2272657374617572616e746e616d65223b733a373a2247616c69746f73223b733a393a22696d6167656e616d65223b733a393a2263686970732e6a7067223b733a383a226469736874797065223b733a353a22417369616e223b733a31333a22646973686c697374696e676964223b733a313a2236223b7d7d6c6f676765645f696e5f757365725f69647c733a313a2235223b75736572747970657c733a31363a2252657374617572616e74204f776e6572223b757365727479706569647c733a313a2232223b70726f66696c655f696d6167657c733a31343a22313438343839343232342e6a7067223b77656c636f6d654d73677c733a31363a2257656c636f6d652c204f6e6469616e21223b5f5f63695f766172737c613a313a7b733a31303a2277656c636f6d654d7367223b733a333a226f6c64223b7d),
('781a19a726ea4b1c75b63d574053e5e9770b527c', '::1', 1484929020, 0x5f5f63695f6c6173745f726567656e65726174657c693a313438343932383933393b686f6d65526573756c74737c613a313a7b693a303b4f3a383a22737464436c617373223a363a7b733a383a22646973686e616d65223b733a31353a224772696c6c656420636869636b656e223b733a31323a2272657374617572616e746964223b733a313a2234223b733a31343a2272657374617572616e746e616d65223b733a373a2247616c69746f73223b733a393a22696d6167656e616d65223b733a393a2263686970732e6a7067223b733a383a226469736874797065223b733a353a22417369616e223b733a31333a22646973686c697374696e676964223b733a313a2236223b7d7d686f6d65526573756c74734572727c733a3131333a22536f7272792c20746865726520617265206e6f204c6f63616c2064697368207265636f6d6d656e646174696f6e7320696e204e6169726f62692e203c62723e2042757420796f752063616e2074727920616e6f746865722063756973696e65206f7220706c61636520696e737465616421223b5f5f63695f766172737c613a313a7b733a31343a22686f6d65526573756c7473457272223b733a333a226f6c64223b7d),
('7898256c34e28e1a6c9b708a934974acaba2628c', '::1', 1484923874, 0x5f5f63695f6c6173745f726567656e65726174657c693a313438343932333734363b686f6d65526573756c74737c4e3b),
('7917ec1070d979c6a841ff6bf4158834f4346755', '::1', 1484936221, 0x5f5f63695f6c6173745f726567656e65726174657c693a313438343933363136363b6c6f676765645f696e5f757365725f69647c733a313a2232223b75736572747970657c733a31333a2241646d696e6973747261746f72223b757365727479706569647c733a313a2231223b70726f66696c655f696d6167657c733a31343a22313438343839353130382e6a7067223b),
('7929f2e1a546fcf87dccd66ad1ac78e0de2f5442', '::1', 1484934034, 0x5f5f63695f6c6173745f726567656e65726174657c693a313438343933333937323b686f6d65526573756c74737c613a313a7b693a303b4f3a383a22737464436c617373223a363a7b733a383a22646973686e616d65223b733a31353a224772696c6c656420636869636b656e223b733a31323a2272657374617572616e746964223b733a313a2234223b733a31343a2272657374617572616e746e616d65223b733a373a2247616c69746f73223b733a393a22696d6167656e616d65223b733a393a2263686970732e6a7067223b733a383a226469736874797065223b733a353a22417369616e223b733a31333a22646973686c697374696e676964223b733a313a2236223b7d7d6c6f67696e4d73677c733a35393a223c64697620636c6173733d22616c65727420616c6572742d64616e676572223e4f6f7073212057726f6e672070617373776f72642e3c2f6469763e223b5f5f63695f766172737c613a313a7b733a383a226c6f67696e4d7367223b733a333a226e6577223b7d),
('90175f2bbf01e535868647e812cb0b24bb4d1e6f', '::1', 1484928439, 0x5f5f63695f6c6173745f726567656e65726174657c693a313438343932383139363b686f6d65526573756c74737c4e3b),
('9bda3b06e36daa618329d804ee0ea7db9a92c5f7', '::1', 1484924686, 0x5f5f63695f6c6173745f726567656e65726174657c693a313438343932343432313b686f6d65526573756c74737c4e3b686f6d65526573756c74734572727c733a3134373a223c64697620636c6173733d22616c65727420616c6572742d7761726e696e67223e536f7272792c20746865726520617265206e6f204c6f63616c207265636f6d6d656e646174696f6e7320696e204e6169726f62692e203c62723e2042757420796f752063616e2074727920616e6f746865722063756973696e65206f7220706c61636520696e7374656164213c2f6469763e223b5f5f63695f766172737c613a313a7b733a31343a22686f6d65526573756c7473457272223b733a333a226f6c64223b7d),
('9c5dcf9f2796842df05f4d4c8b4582c7b8f17496', '::1', 1484922037, 0x5f5f63695f6c6173745f726567656e65726174657c693a313438343932313738363b686f6d65526573756c74737c613a313a7b693a303b4f3a383a22737464436c617373223a363a7b733a383a22646973686e616d65223b733a31353a224772696c6c656420636869636b656e223b733a31323a2272657374617572616e746964223b733a313a2234223b733a31343a2272657374617572616e746e616d65223b733a373a2247616c69746f73223b733a393a22696d6167656e616d65223b733a393a2263686970732e6a7067223b733a383a226469736874797065223b733a353a22417369616e223b733a31333a22646973686c697374696e676964223b733a313a2236223b7d7d5f5f63695f766172737c613a313a7b733a31313a22686f6d65526573756c7473223b693a313438343932323238353b7d),
('b07868185f943525588b0cda8c7c073af2196412', '::1', 1484925051, 0x5f5f63695f6c6173745f726567656e65726174657c693a313438343932353035313b686f6d65526573756c74737c4e3b686f6d65526573756c74734572727c733a3134373a223c64697620636c6173733d22616c65727420616c6572742d7761726e696e67223e536f7272792c20746865726520617265206e6f20417369616e207265636f6d6d656e646174696f6e7320696e204e6169726f62692e203c62723e2042757420796f752063616e2074727920616e6f746865722063756973696e65206f7220706c61636520696e7374656164213c2f6469763e223b5f5f63695f766172737c613a313a7b733a31343a22686f6d65526573756c7473457272223b733a333a226f6c64223b7d),
('b3c927bbb329e7def8d8aa0e46cdcdcdd280c577', '::1', 1484932093, 0x5f5f63695f6c6173745f726567656e65726174657c693a313438343933313838353b686f6d65526573756c74737c613a313a7b693a303b4f3a383a22737464436c617373223a363a7b733a383a22646973686e616d65223b733a31353a224772696c6c656420636869636b656e223b733a31323a2272657374617572616e746964223b733a313a2234223b733a31343a2272657374617572616e746e616d65223b733a373a2247616c69746f73223b733a393a22696d6167656e616d65223b733a393a2263686970732e6a7067223b733a383a226469736874797065223b733a353a22417369616e223b733a31333a22646973686c697374696e676964223b733a313a2236223b7d7d),
('bfea7dfb575da409181278d9ecb7598c731dc1f3', '::1', 1484933844, 0x5f5f63695f6c6173745f726567656e65726174657c693a313438343933333534343b686f6d65526573756c74737c613a313a7b693a303b4f3a383a22737464436c617373223a363a7b733a383a22646973686e616d65223b733a31353a224772696c6c656420636869636b656e223b733a31323a2272657374617572616e746964223b733a313a2234223b733a31343a2272657374617572616e746e616d65223b733a373a2247616c69746f73223b733a393a22696d6167656e616d65223b733a393a2263686970732e6a7067223b733a383a226469736874797065223b733a353a22417369616e223b733a31333a22646973686c697374696e676964223b733a313a2236223b7d7d6c6f67696e4d73677c733a35393a223c64697620636c6173733d22616c65727420616c6572742d64616e676572223e4f6f7073212057726f6e672070617373776f72642e3c2f6469763e223b5f5f63695f766172737c613a313a7b733a383a226c6f67696e4d7367223b733a333a226f6c64223b7d),
('cba69c964d756d576417df928445c1bf6c46bcb9', '::1', 1484917763, 0x5f5f63695f6c6173745f726567656e65726174657c693a313438343931373734323b),
('cebbd099917d26ef7232131ef1a56b64bdbfac45', '::1', 1484922662, 0x5f5f63695f6c6173745f726567656e65726174657c693a313438343932323636313b),
('e2264af22d52de4187dad273a5fe35a42f063ec2', '::1', 1484927538, 0x5f5f63695f6c6173745f726567656e65726174657c693a313438343932373235313b686f6d65526573756c74737c4e3b686f6d65526573756c74734572727c733a3130383a22536f7272792c20746865726520617265206e6f20417369616e207265636f6d6d656e646174696f6e7320696e204e6169726f62692e203c62723e2042757420796f752063616e2074727920616e6f746865722063756973696e65206f7220706c61636520696e737465616421223b5f5f63695f766172737c613a313a7b733a31343a22686f6d65526573756c7473457272223b733a333a226f6c64223b7d),
('ecba152daa059d97e7b9861b2b9e02342b89e5a3', '::1', 1484925010, 0x5f5f63695f6c6173745f726567656e65726174657c693a313438343932343734393b686f6d65526573756c74737c4e3b686f6d65526573756c74734572727c733a3134373a223c64697620636c6173733d22616c65727420616c6572742d7761726e696e67223e536f7272792c20746865726520617265206e6f20417369616e207265636f6d6d656e646174696f6e7320696e204e6169726f62692e203c62723e2042757420796f752063616e2074727920616e6f746865722063756973696e65206f7220706c61636520696e7374656164213c2f6469763e223b5f5f63695f766172737c613a313a7b733a31343a22686f6d65526573756c7473457272223b733a333a226f6c64223b7d),
('ed27cb419734802c12fdf196b3a5d2226f427f23', '::1', 1484934911, 0x5f5f63695f6c6173745f726567656e65726174657c693a313438343933343632323b686f6d65526573756c74737c613a313a7b693a303b4f3a383a22737464436c617373223a363a7b733a383a22646973686e616d65223b733a31353a224772696c6c656420636869636b656e223b733a31323a2272657374617572616e746964223b733a313a2234223b733a31343a2272657374617572616e746e616d65223b733a373a2247616c69746f73223b733a393a22696d6167656e616d65223b733a393a2263686970732e6a7067223b733a383a226469736874797065223b733a353a22417369616e223b733a31333a22646973686c697374696e676964223b733a313a2236223b7d7d6c6f676765645f696e5f757365725f69647c4e3b75736572747970657c4e3b757365727479706569647c4e3b70726f66696c655f696d6167657c4e3b),
('f5c647233cf2f99f20c29919a7d4937a44a12abe', '::1', 1484921771, 0x5f5f63695f6c6173745f726567656e65726174657c693a313438343932313438313b686f6d65526573756c74737c4e3b);

-- --------------------------------------------------------

--
-- Table structure for table `comment`
--

CREATE TABLE `comment` (
  `commentid` int(10) NOT NULL,
  `userid` int(10) DEFAULT NULL,
  `dishlistingid` int(10) DEFAULT NULL,
  `sentimenttype` varchar(10) DEFAULT NULL,
  `imagename` varchar(50) DEFAULT NULL,
  `title` varchar(30) NOT NULL,
  `datevisit` date NOT NULL,
  `body` text NOT NULL
) ENGINE=InnoDB DEFAULT CHARSET=latin1;

--
-- Dumping data for table `comment`
--

INSERT INTO `comment` (`commentid`, `userid`, `dishlistingid`, `sentimenttype`, `imagename`, `title`, `datevisit`, `body`) VALUES
(1, 1, 1, 'positive', 'steak_knife_fork.jpg', 'Medium Steak', '2016-12-17', 'It was really good!'),
(2, 6, 2, 'positive', 'cake.jpg', 'Peanut Cake', '2016-12-13', 'This is the best cake I have eaten in a long time. '),
(3, 1, 6, 'negative', 'chips.jpg', 'Grilled Chicken', '2016-12-17', 'I didn\'t like it very much. It tasted strange.'),
(5, 6, 6, 'positive', 'chips.jpg', 'Grilled Chicken', '2016-12-13', 'It was really good!'),
(6, 6, 1, 'positive', '1gbs.jpg', 'Grilled Beef Steak', '2017-01-01', 'I have never eaten anything quite like it. It was soft, very tasty and well-prepared.');

-- --------------------------------------------------------

--
-- Table structure for table `dish`
--

CREATE TABLE `dish` (
  `dishid` int(10) NOT NULL,
  `dishname` varchar(30) NOT NULL
) ENGINE=InnoDB DEFAULT CHARSET=latin1;

--
-- Dumping data for table `dish`
--

INSERT INTO `dish` (`dishid`, `dishname`) VALUES
(1, 'Grilled beef steak'),
(2, 'Peanut cake'),
(3, 'Grilled chicken'),
(4, 'Olive pizza'),
(5, 'Teriyaki chicken'),
(6, 'Spiced chicken'),
(11, 'Matoke'),
(12, 'Building Cake');

-- --------------------------------------------------------

--
-- Table structure for table `dish_listing`
--

CREATE TABLE `dish_listing` (
  `dishlistingid` int(10) NOT NULL,
  `dishid` int(10) NOT NULL,
  `restaurantid` int(10) NOT NULL,
  `dishtypeid` int(10) DEFAULT NULL,
  `dishdescription` tinytext NOT NULL,
  `likes` int(10) NOT NULL DEFAULT '0',
  `neutrals` int(10) NOT NULL DEFAULT '0',
  `dislikes` int(10) NOT NULL DEFAULT '0'
) ENGINE=InnoDB DEFAULT CHARSET=latin1;

--
-- Dumping data for table `dish_listing`
--

INSERT INTO `dish_listing` (`dishlistingid`, `dishid`, `restaurantid`, `dishtypeid`, `dishdescription`, `likes`, `neutrals`, `dislikes`) VALUES
(1, 1, 4, NULL, '', 0, 0, 0),
(2, 2, 6, 2, '', 1, 0, 0),
(4, 4, 5, NULL, '', 1, 0, 0),
(5, 5, 4, 4, 'This is chicken.', 0, 0, 0),
(6, 3, 4, 1, 'This is chicken with a mixture of herbs including rosemary and thyme.', 1, 0, 1),
(7, 6, 4, 2, 'Very spicy chicken.', 0, 0, 0),
(47, 11, 4, 6, 'This is cooked bananas.', 0, 0, 0),
(48, 12, 6, NULL, '', 1, 0, 0);

-- --------------------------------------------------------

--
-- Table structure for table `dish_type`
--

CREATE TABLE `dish_type` (
  `dishtypeid` int(10) NOT NULL,
  `dishtype` varchar(30) NOT NULL
) ENGINE=InnoDB DEFAULT CHARSET=latin1;

--
-- Dumping data for table `dish_type`
--

INSERT INTO `dish_type` (`dishtypeid`, `dishtype`) VALUES
(1, 'Asian'),
(2, 'European'),
(3, 'Local'),
(4, 'Mediterranean'),
(6, 'African');

-- --------------------------------------------------------

--
-- Table structure for table `login_credentials`
--

CREATE TABLE `login_credentials` (
  `emailaddress` varchar(30) NOT NULL,
  `userid` int(10) NOT NULL,
  `encpassword` tinytext NOT NULL
) ENGINE=InnoDB DEFAULT CHARSET=latin1;

--
-- Dumping data for table `login_credentials`
--

INSERT INTO `login_credentials` (`emailaddress`, `userid`, `encpassword`) VALUES
('andreachen@mail.com', 7, '$2a$10$cHkVdR610Qu7MfZscoqOae3b4tvWPoFWhQZqzA6qHP6nn8/hRvSm6'),
('firsthere@mail.com', 1, '$2a$10$Um0YgVzLWrGTO8gE0wGYd.Upa9Kj/MGPVaSXtZVNcuJlWQtoBduWK'),
('hellothere@mail.com', 6, '$2a$10$ZBKV5Zs6lMR8hnP6YRQqpux1hOcTHpCYSv8PwmOh66rIf5.6S5yiy'),
('ondianold@mail.com', 5, '$2a$10$IQfDd0iEWMkp5bkoDqSRGeRZSa7r/90kJTm.nFHKfzaywB2ZJl9Ba'),
('stephaniekabi@gmail.com', 13, '$2a$10$8qQbY55BYryDvHpO4amqzOAjJcu0Dq2BA7NysYvjgOX5CP.3j6EKy'),
('theadmin@mail.com', 2, '$2a$10$qfuy8DUcVm3QsbVR6tx5Fe3ijKAtLHk.kkSq85LbgT/SV1aThGcJy');

-- --------------------------------------------------------

--
-- Table structure for table `restaurant`
--

CREATE TABLE `restaurant` (
  `restaurantid` int(10) NOT NULL,
  `userid` int(10) DEFAULT NULL,
  `restaurantname` varchar(60) NOT NULL,
  `vicinity` tinytext NOT NULL,
  `placeid` varchar(30) NOT NULL,
  `longitude` float NOT NULL,
  `latitude` float NOT NULL
) ENGINE=InnoDB DEFAULT CHARSET=latin1;

--
-- Dumping data for table `restaurant`
--

INSERT INTO `restaurant` (`restaurantid`, `userid`, `restaurantname`, `vicinity`, `placeid`, `longitude`, `latitude`) VALUES
(4, 5, 'Galitos', 'Limuru Road, Nairobi City', 'ChIJFwKc-R8XLxgRNW7Cc53O8fw', 36.8243, -1.26379),
(5, NULL, 'Teriyaki Japan', 'Mama Ngina Street, Nairobi', 'ChIJ9-djrtcQLxgRWwSvcBCqq68', 36.8238, -1.28522),
(6, 7, 'Kuster Bakers Ltd - Nairobi', 'West End Plaza, P. O. Box 66619, Nairobi', 'ChIJVVVVVJUQLxgRdJJ9pMSpfUs', 36.8028, -1.26465);

-- --------------------------------------------------------

--
-- Table structure for table `user`
--

CREATE TABLE `user` (
  `userid` int(10) NOT NULL,
  `usertypeid` int(10) DEFAULT NULL,
  `imagepath` varchar(60) DEFAULT NULL,
  `firstname` varchar(20) NOT NULL,
  `lastname` varchar(20) NOT NULL,
  `username` varchar(50) NOT NULL
) ENGINE=InnoDB DEFAULT CHARSET=latin1;

--
-- Dumping data for table `user`
--

INSERT INTO `user` (`userid`, `usertypeid`, `imagepath`, `firstname`, `lastname`, `username`) VALUES
(1, 3, '1484894816.jpg', 'First', 'Here', 'FirstFirst0.55992000 1484894815'),
(2, 1, '1484895108.jpg', 'The', 'Admin', 'TheThe0.39813400 1484895108'),
(5, 2, '1484894224.jpg', 'Ondian', 'Old', 'OndianOndian0.55258100 1484894223'),
(6, 3, '1484895017.jpg', 'Hello', 'There', 'HelloHello0.30863900 1484895017'),
(7, 2, '1484894880.jpg', 'Andrea', 'Chen', 'AndreaAndrea0.35357400 1484894880'),
(13, 2, 'dubai.jpg', 'Stephanie', 'Kabi', 'StephanieKabi0.61059700 1484896872');

-- --------------------------------------------------------

--
-- Table structure for table `user_type`
--

CREATE TABLE `user_type` (
  `usertypeid` int(10) NOT NULL,
  `usertype` varchar(30) NOT NULL
) ENGINE=InnoDB DEFAULT CHARSET=latin1;

--
-- Dumping data for table `user_type`
--

INSERT INTO `user_type` (`usertypeid`, `usertype`) VALUES
(1, 'Administrator'),
(2, 'Restaurant Owner'),
(3, 'Food Writer');

--
-- Indexes for dumped tables
--

--
-- Indexes for table `ci_sessions`
--
ALTER TABLE `ci_sessions`
  ADD PRIMARY KEY (`id`),
  ADD KEY `ci_sessions_timestamp` (`timestamp`);

--
-- Indexes for table `comment`
--
ALTER TABLE `comment`
  ADD PRIMARY KEY (`commentid`),
  ADD KEY `userid` (`userid`),
  ADD KEY `dishlistingid` (`dishlistingid`);

--
-- Indexes for table `dish`
--
ALTER TABLE `dish`
  ADD PRIMARY KEY (`dishid`);
ALTER TABLE `dish` ADD FULLTEXT KEY `dishname_idx` (`dishname`);

--
-- Indexes for table `dish_listing`
--
ALTER TABLE `dish_listing`
  ADD PRIMARY KEY (`dishlistingid`),
  ADD KEY `dishid` (`dishid`,`restaurantid`,`dishtypeid`),
  ADD KEY `dishtypeid` (`dishtypeid`),
  ADD KEY `restaurantid` (`restaurantid`);

--
-- Indexes for table `dish_type`
--
ALTER TABLE `dish_type`
  ADD PRIMARY KEY (`dishtypeid`);

--
-- Indexes for table `login_credentials`
--
ALTER TABLE `login_credentials`
  ADD PRIMARY KEY (`emailaddress`),
  ADD UNIQUE KEY `emailaddress` (`emailaddress`),
  ADD KEY `userid` (`userid`);

--
-- Indexes for table `restaurant`
--
ALTER TABLE `restaurant`
  ADD PRIMARY KEY (`restaurantid`),
  ADD KEY `userid` (`userid`);
ALTER TABLE `restaurant` ADD FULLTEXT KEY `rest_name_index` (`restaurantname`);
ALTER TABLE `restaurant` ADD FULLTEXT KEY `vicinity_index` (`vicinity`);

--
-- Indexes for table `user`
--
ALTER TABLE `user`
  ADD PRIMARY KEY (`userid`),
  ADD KEY `usertypeid` (`usertypeid`);

--
-- Indexes for table `user_type`
--
ALTER TABLE `user_type`
  ADD PRIMARY KEY (`usertypeid`);

--
-- AUTO_INCREMENT for dumped tables
--

--
-- AUTO_INCREMENT for table `comment`
--
ALTER TABLE `comment`
  MODIFY `commentid` int(10) NOT NULL AUTO_INCREMENT, AUTO_INCREMENT=8;
--
-- AUTO_INCREMENT for table `dish`
--
ALTER TABLE `dish`
  MODIFY `dishid` int(10) NOT NULL AUTO_INCREMENT, AUTO_INCREMENT=13;
--
-- AUTO_INCREMENT for table `dish_listing`
--
ALTER TABLE `dish_listing`
  MODIFY `dishlistingid` int(10) NOT NULL AUTO_INCREMENT, AUTO_INCREMENT=49;
--
-- AUTO_INCREMENT for table `dish_type`
--
ALTER TABLE `dish_type`
  MODIFY `dishtypeid` int(10) NOT NULL AUTO_INCREMENT, AUTO_INCREMENT=7;
--
-- AUTO_INCREMENT for table `restaurant`
--
ALTER TABLE `restaurant`
  MODIFY `restaurantid` int(10) NOT NULL AUTO_INCREMENT, AUTO_INCREMENT=7;
--
-- AUTO_INCREMENT for table `user`
--
ALTER TABLE `user`
  MODIFY `userid` int(10) NOT NULL AUTO_INCREMENT, AUTO_INCREMENT=14;
--
-- AUTO_INCREMENT for table `user_type`
--
ALTER TABLE `user_type`
  MODIFY `usertypeid` int(10) NOT NULL AUTO_INCREMENT, AUTO_INCREMENT=4;
--
-- Constraints for dumped tables
--

--
-- Constraints for table `comment`
--
ALTER TABLE `comment`
  ADD CONSTRAINT `comment_ibfk_1` FOREIGN KEY (`dishlistingid`) REFERENCES `dish_listing` (`dishlistingid`) ON UPDATE CASCADE,
  ADD CONSTRAINT `comment_ibfk_2` FOREIGN KEY (`userid`) REFERENCES `user` (`userid`) ON UPDATE CASCADE;

--
-- Constraints for table `dish_listing`
--
ALTER TABLE `dish_listing`
  ADD CONSTRAINT `dish_listing_ibfk_1` FOREIGN KEY (`dishtypeid`) REFERENCES `dish_type` (`dishtypeid`) ON UPDATE CASCADE,
  ADD CONSTRAINT `dish_listing_ibfk_2` FOREIGN KEY (`dishid`) REFERENCES `dish` (`dishid`) ON UPDATE CASCADE,
  ADD CONSTRAINT `dish_listing_ibfk_3` FOREIGN KEY (`restaurantid`) REFERENCES `restaurant` (`restaurantid`) ON UPDATE CASCADE;

--
-- Constraints for table `login_credentials`
--
ALTER TABLE `login_credentials`
  ADD CONSTRAINT `login_credentials_ibfk_1` FOREIGN KEY (`userid`) REFERENCES `user` (`userid`) ON UPDATE CASCADE;

--
-- Constraints for table `restaurant`
--
ALTER TABLE `restaurant`
  ADD CONSTRAINT `restaurant_ibfk_1` FOREIGN KEY (`userid`) REFERENCES `user` (`userid`) ON UPDATE CASCADE;

--
-- Constraints for table `user`
--
ALTER TABLE `user`
  ADD CONSTRAINT `user_ibfk_1` FOREIGN KEY (`usertypeid`) REFERENCES `user_type` (`usertypeid`) ON UPDATE CASCADE;

/*!40101 SET CHARACTER_SET_CLIENT=@OLD_CHARACTER_SET_CLIENT */;
/*!40101 SET CHARACTER_SET_RESULTS=@OLD_CHARACTER_SET_RESULTS */;
/*!40101 SET COLLATION_CONNECTION=@OLD_COLLATION_CONNECTION */;
